names,activity,date
pipe1,reparation,22/01/2007
pipe1,consultation,22/02/2007
pipe1,modification,22/04/2007
pipe1,reparation,22/03/2007
pipe1,consultation,22/05/2007
pipe1,modification,22/07/2007
pipe1,consultation,22/08/2007
pipe1,reparation,22/09/2007
pipe1,modification,22/10/2007
pipe1,consultation,22/11/2007
pipe2,reparation,02/01/2007
pipe2,consultation,02/02/2007
pipe2,modification,02/04/2007
pipe2,reparation,02/03/2007
pipe2,consultation,02/05/2007
pipe2,modification,02/07/2007
pipe2,consultation,02/08/2007
pipe2,reparation,02/09/2007
pipe2,modification,02/10/2007
pipe2,consultation,02/11/2007
pipe3,reparation,10/01/2007
pipe3,consultation,10/02/2007
pipe3,modification,10/04/2007
pipe3,reparation,10/03/2007
pipe3,consultation,10/05/2007
pipe3,modification,10/07/2007
pipe3,consultation,10/08/2007
pipe3,reparation,10/09/2007
pipe3,modification,10/10/2007
pipe3,consultation,10/11/2007
pipe4,reparation,15/01/2007
pipe4,consultation,15/02/2007
pipe4,modification,15/04/2007
pipe4,reparation,15/03/2007
pipe4,consultation,15/05/2007
pipe4,modification,15/07/2007
pipe4,consultation,15/08/2007
pipe4,reparation,15/09/2007
pipe4,modification,15/10/2007
pipe4,consultation,15/11/2007
pipe5,reparation,27/01/2007
pipe5,consultation,27/02/2007
pipe5,modification,27/04/2007
pipe5,reparation,27/03/2007
pipe5,consultation,27/05/2007
pipe5,modification,27/07/2007
pipe5,consultation,27/08/2007
pipe5,reparation,27/09/2007
pipe5,modification,27/10/2007
pipe5,consultation,27/11/2007
pipe6,reparation,05/01/2007
pipe6,consultation,05/02/2007
pipe6,modification,05/04/2007
pipe6,reparation,05/03/2007
pipe6,consultation,05/05/2007
pipe6,modification,05/07/2007
pipe6,consultation,05/08/2007
pipe6,reparation,05/09/2007
pipe6,modification,05/10/2007
pipe6,consultation,05/11/2007
pipe7,reparation,18/01/2007
pipe7,consultation,18/02/2007
pipe7,modification,18/04/2007
pipe7,reparation,18/03/2007
pipe7,consultation,19/05/2007
pipe7,modification,18/07/2007
pipe7,consultation,18/08/2007
pipe7,reparation,18/09/2007
pipe7,modification,18/10/2007
pipe7,consultation,18/11/2007
pipe1,reparation,22/01/2008
pipe1,consultation,22/02/2008
pipe1,modification,22/04/2008
pipe1,reparation,22/03/2008
pipe1,consultation,22/05/2008
pipe1,modification,22/07/2008
pipe1,consultation,22/08/2008
pipe1,reparation,22/09/2008
pipe1,modification,22/10/2008
pipe1,consultation,22/11/2008
pipe2,reparation,02/01/2008
pipe2,consultation,02/02/2008
pipe2,modification,02/04/2008
pipe2,reparation,02/03/2008
pipe2,consultation,02/05/2008
pipe2,modification,02/07/2008
pipe2,consultation,02/08/2008
pipe2,reparation,02/09/2008
pipe2,modification,02/10/2008
pipe2,consultation,02/11/2008
pipe3,reparation,10/01/2008
pipe3,consultation,10/02/2008
pipe3,modification,10/04/2008
pipe3,reparation,10/03/2008
pipe3,consultation,10/05/2008
pipe3,modification,10/07/2008
pipe3,consultation,10/08/2008
pipe3,reparation,10/09/2008
pipe3,modification,10/10/2008
pipe3,consultation,10/11/2008
pipe4,reparation,15/01/2008
pipe4,consultation,15/02/2008
pipe4,modification,15/04/2008
pipe4,reparation,15/03/2008
pipe4,consultation,15/05/2008
pipe4,modification,15/07/2008
pipe4,consultation,15/08/2008
pipe4,reparation,15/09/2008
pipe4,modification,15/10/2008
pipe4,consultation,15/11/2008
pipe5,reparation,27/01/2008
pipe5,consultation,27/02/2008
pipe5,modification,27/04/2008
pipe5,reparation,27/03/2008
pipe5,consultation,27/05/2008
pipe5,modification,27/07/2008
pipe5,consultation,27/08/2008
pipe5,reparation,27/09/2008
pipe5,modification,27/10/2008
pipe5,consultation,27/11/2008
pipe6,reparation,05/01/2008
pipe6,consultation,05/02/2008
pipe6,modification,05/04/2008
pipe6,reparation,05/03/2008
pipe6,consultation,05/05/2008
pipe6,modification,05/07/2008
pipe6,consultation,05/08/2008
pipe6,reparation,05/09/2008
pipe6,modification,05/10/2008
pipe6,consultation,05/11/2008
pipe7,reparation,18/01/2008
pipe7,consultation,18/02/2008
pipe7,modification,18/04/2008
pipe7,reparation,18/03/2008
pipe7,consultation,19/05/2008
pipe7,modification,18/07/2008
pipe7,consultation,18/08/2008
pipe7,reparation,18/09/2008
pipe7,modification,18/10/2008
pipe7,consultation,18/11/2008
pipe1,reparation,22/01/2009
pipe1,consultation,22/02/2009
pipe1,modification,22/04/2009
pipe1,reparation,22/03/2009
pipe1,consultation,22/05/2009
pipe1,modification,22/07/2009
pipe1,consultation,22/08/2009
pipe1,reparation,22/09/2009
pipe1,modification,22/10/2009
pipe1,consultation,22/11/2009
pipe2,reparation,02/01/2009
pipe2,consultation,02/02/2009
pipe2,modification,02/04/2009
pipe2,reparation,02/03/2009
pipe2,consultation,02/05/2009
pipe2,modification,02/07/2009
pipe2,consultation,02/08/2009
pipe2,reparation,02/09/2009
pipe2,modification,02/10/2009
pipe2,consultation,02/11/2009
pipe3,reparation,10/01/2009
pipe3,consultation,10/02/2009
pipe3,modification,10/04/2009
pipe3,reparation,10/03/2009
pipe3,consultation,10/05/2009
pipe3,modification,10/07/2009
pipe3,consultation,10/08/2009
pipe3,reparation,10/09/2009
pipe3,modification,10/10/2009
pipe3,consultation,10/11/2009
pipe4,reparation,15/01/2009
pipe4,consultation,15/02/2009
pipe4,modification,15/04/2009
pipe4,reparation,15/03/2009
pipe4,consultation,15/05/2009
pipe4,modification,15/07/2009
pipe4,consultation,15/08/2009
pipe4,reparation,15/09/2009
pipe4,modification,15/10/2009
pipe4,consultation,15/11/2009
pipe5,reparation,27/01/2009
pipe5,consultation,27/02/2009
pipe5,modification,27/04/2009
pipe5,reparation,27/03/2009
pipe5,consultation,27/05/2009
pipe5,modification,27/07/2009
pipe5,consultation,27/08/2009
pipe5,reparation,27/09/2009
pipe5,modification,27/10/2009
pipe5,consultation,27/11/2009
pipe6,reparation,05/01/2009
pipe6,consultation,05/02/2009
pipe6,modification,05/04/2009
pipe6,reparation,05/03/2009
pipe6,consultation,05/05/2009
pipe6,modification,05/07/2009
pipe6,consultation,05/08/2009
pipe6,reparation,05/09/2009
pipe6,modification,05/10/2009
pipe6,consultation,05/11/2009
pipe7,reparation,18/01/2009
pipe7,consultation,18/02/2009
pipe7,modification,18/04/2009
pipe7,reparation,18/03/2009
pipe7,consultation,19/05/2009
pipe7,modification,18/07/2009
pipe7,consultation,18/08/2009
pipe7,reparation,18/09/2009
pipe7,modification,18/10/2009
pipe7,consultation,18/11/2009
pipe1,reparation,22/01/2010
pipe1,consultation,22/02/2010
pipe1,modification,22/04/2010
pipe1,reparation,22/03/2010
pipe1,consultation,22/05/2010
pipe1,modification,22/07/2010
pipe1,consultation,22/08/2010
pipe1,reparation,22/09/2010
pipe1,modification,22/10/2010
pipe1,consultation,22/11/2010
pipe2,reparation,02/01/2010
pipe2,consultation,02/02/2010
pipe2,modification,02/04/2010
pipe2,reparation,02/03/2010
pipe2,consultation,02/05/2010
pipe2,modification,02/07/2010
pipe2,consultation,02/08/2010
pipe2,reparation,02/09/2010
pipe2,modification,02/10/2010
pipe2,consultation,02/11/2010
pipe3,reparation,10/01/2010
pipe3,consultation,10/02/2010
pipe3,modification,10/04/2010
pipe3,reparation,10/03/2010
pipe3,consultation,10/05/2010
pipe3,modification,10/07/2010
pipe3,consultation,10/08/2010
pipe3,reparation,10/09/2010
pipe3,modification,10/10/2010
pipe3,consultation,10/11/2010
pipe4,reparation,15/01/2010
pipe4,consultation,15/02/2010
pipe4,modification,15/04/2010
pipe4,reparation,15/03/2010
pipe4,consultation,15/05/2010
pipe4,modification,15/07/2010
pipe4,consultation,15/08/2010
pipe4,reparation,15/09/2010
pipe4,modification,15/10/2010
pipe4,consultation,15/11/2010
pipe5,reparation,27/01/2010
pipe5,consultation,27/02/2010
pipe5,modification,27/04/2010
pipe5,reparation,27/03/2010
pipe5,consultation,27/05/2010
pipe5,modification,27/07/2010
pipe5,consultation,27/08/2010
pipe5,reparation,27/09/2010
pipe5,modification,27/10/2010
pipe5,consultation,27/11/2010
pipe6,reparation,05/01/2010
pipe6,consultation,05/02/2010
pipe6,modification,05/04/2010
pipe6,reparation,05/03/2010
pipe6,consultation,05/05/2010
pipe6,modification,05/07/2010
pipe6,consultation,05/08/2010
pipe6,reparation,05/09/2010
pipe6,modification,05/10/2010
pipe6,consultation,05/11/2010
pipe7,reparation,18/01/2010
pipe7,consultation,18/02/2010
pipe7,modification,18/04/2010
pipe7,reparation,18/03/2010
pipe7,consultation,19/05/2010
pipe7,modification,18/07/2010
pipe7,consultation,18/08/2010
pipe7,reparation,18/09/2010
pipe7,modification,18/10/2010
pipe7,consultation,18/11/2010
pipe1,reparation,22/01/2011
pipe1,consultation,22/02/2011
pipe1,modification,22/04/2011
pipe1,reparation,22/03/2011
pipe1,consultation,22/05/2011
pipe1,modification,22/07/2011
pipe1,consultation,22/08/2011
pipe1,reparation,22/09/2011
pipe1,modification,22/10/2011
pipe1,consultation,22/11/2011
pipe2,reparation,02/01/2011
pipe2,consultation,02/02/2011
pipe2,modification,02/04/2011
pipe2,reparation,02/03/2011
pipe2,consultation,02/05/2011
pipe2,modification,02/07/2011
pipe2,consultation,02/08/2011
pipe2,reparation,02/09/2011
pipe2,modification,02/10/2011
pipe2,consultation,02/11/2011
pipe3,reparation,10/01/2011
pipe3,consultation,10/02/2011
pipe3,modification,10/04/2011
pipe3,reparation,10/03/2011
pipe3,consultation,10/05/2011
pipe3,modification,10/07/2011
pipe3,consultation,10/08/2011
pipe3,reparation,10/09/2011
pipe3,modification,10/10/2011
pipe3,consultation,10/11/2011
pipe4,reparation,15/01/2011
pipe4,consultation,15/02/2011
pipe4,modification,15/04/2011
pipe4,reparation,15/03/2011
pipe4,consultation,15/05/2011
pipe4,modification,15/07/2011
pipe4,consultation,15/08/2011
pipe4,reparation,15/09/2011
pipe4,modification,15/10/2011
pipe4,consultation,15/11/2011
pipe5,reparation,27/01/2011
pipe5,consultation,27/02/2011
pipe5,modification,27/04/2011
pipe5,reparation,27/03/2011
pipe5,consultation,27/05/2011
pipe5,modification,27/07/2011
pipe5,consultation,27/08/2011
pipe5,reparation,27/09/2011
pipe5,modification,27/10/2011
pipe5,consultation,27/11/2011
pipe6,reparation,05/01/2011
pipe6,consultation,05/02/2011
pipe6,modification,05/04/2011
pipe6,reparation,05/03/2011
pipe6,consultation,05/05/2011
pipe6,modification,05/07/2011
pipe6,consultation,05/08/2011
pipe6,reparation,05/09/2011
pipe6,modification,05/10/2011
pipe6,consultation,05/11/2011
pipe7,reparation,18/01/2011
pipe7,consultation,18/02/2011
pipe7,modification,18/04/2011
pipe7,reparation,18/03/2011
pipe7,consultation,19/05/2011
pipe7,modification,18/07/2011
pipe7,consultation,18/08/2011
pipe7,reparation,18/09/2011
pipe7,modification,18/10/2011
pipe7,consultation,18/11/2011
pipe1,reparation,22/01/2012
pipe1,consultation,22/02/2012
pipe1,modification,22/04/2012
pipe1,reparation,22/03/2012
pipe1,consultation,22/05/2012
pipe1,modification,22/07/2012
pipe1,consultation,22/08/2012
pipe1,reparation,22/09/2012
pipe1,modification,22/10/2012
pipe1,consultation,22/11/2012
pipe2,reparation,02/01/2012
pipe2,consultation,02/02/2012
pipe2,modification,02/04/2012
pipe2,reparation,02/03/2012
pipe2,consultation,02/05/2012
pipe2,modification,02/07/2012
pipe2,consultation,02/08/2012
pipe2,reparation,02/09/2012
pipe2,modification,02/10/2012
pipe2,consultation,02/11/2012
pipe3,reparation,10/01/2012
pipe3,consultation,10/02/2012
pipe3,modification,10/04/2012
pipe3,reparation,10/03/2012
pipe3,consultation,10/05/2012
pipe3,modification,10/07/2012
pipe3,consultation,10/08/2012
pipe3,reparation,10/09/2012
pipe3,modification,10/10/2012
pipe3,consultation,10/11/2012
pipe4,reparation,15/01/2012
pipe4,consultation,15/02/2012
pipe4,modification,15/04/2012
pipe4,reparation,15/03/2012
pipe4,consultation,15/05/2012
pipe4,modification,15/07/2012
pipe4,consultation,15/08/2012
pipe4,reparation,15/09/2012
pipe4,modification,15/10/2012
pipe4,consultation,15/11/2012
pipe5,reparation,27/01/2012
pipe5,consultation,27/02/2012
pipe5,modification,27/04/2012
pipe5,reparation,27/03/2012
pipe5,consultation,27/05/2012
pipe5,modification,27/07/2012
pipe5,consultation,27/08/2012
pipe5,reparation,27/09/2012
pipe5,modification,27/10/2012
pipe5,consultation,27/11/2012
pipe6,reparation,05/01/2012
pipe6,consultation,05/02/2012
pipe6,modification,05/04/2012
pipe6,reparation,05/03/2012
pipe6,consultation,05/05/2012
pipe6,modification,05/07/2012
pipe6,consultation,05/08/2012
pipe6,reparation,05/09/2012
pipe6,modification,05/10/2012
pipe6,consultation,05/11/2012
pipe7,reparation,18/01/2012
pipe7,consultation,18/02/2012
pipe7,modification,18/04/2012
pipe7,reparation,18/03/2012
pipe7,consultation,19/05/2012
pipe7,modification,18/07/2012
pipe7,consultation,18/08/2012
pipe7,reparation,18/09/2012
pipe7,modification,18/10/2012
pipe7,consultation,18/11/2012
pipe1,reparation,22/01/2013
pipe1,consultation,22/02/2013
pipe1,modification,22/04/2013
pipe1,reparation,22/03/2013
pipe1,consultation,22/05/2013
pipe1,modification,22/07/2013
pipe1,consultation,22/08/2013
pipe1,reparation,22/09/2013
pipe1,modification,22/10/2013
pipe1,consultation,22/11/2013
pipe2,reparation,02/01/2013
pipe2,consultation,02/02/2013
pipe2,modification,02/04/2013
pipe2,reparation,02/03/2013
pipe2,consultation,02/05/2013
pipe2,modification,02/07/2013
pipe2,consultation,02/08/2013
pipe2,reparation,02/09/2013
pipe2,modification,02/10/2013
pipe2,consultation,02/11/2013
pipe3,reparation,10/01/2013
pipe3,consultation,10/02/2013
pipe3,modification,10/04/2013
pipe3,reparation,10/03/2013
pipe3,consultation,10/05/2013
pipe3,modification,10/07/2013
pipe3,consultation,10/08/2013
pipe3,reparation,10/09/2013
pipe3,modification,10/10/2013
pipe3,consultation,10/11/2013
pipe4,reparation,15/01/2013
pipe4,consultation,15/02/2013
pipe4,modification,15/04/2013
pipe4,reparation,15/03/2013
pipe4,consultation,15/05/2013
pipe4,modification,15/07/2013
pipe4,consultation,15/08/2013
pipe4,reparation,15/09/2013
pipe4,modification,15/10/2013
pipe4,consultation,15/11/2013
pipe5,reparation,27/01/2013
pipe5,consultation,27/02/2013
pipe5,modification,27/04/2013
pipe5,reparation,27/03/2013
pipe5,consultation,27/05/2013
pipe5,modification,27/07/2013
pipe5,consultation,27/08/2013
pipe5,reparation,27/09/2013
pipe5,modification,27/10/2013
pipe5,consultation,27/11/2013
pipe6,reparation,05/01/2013
pipe6,consultation,05/02/2013
pipe6,modification,05/04/2013
pipe6,reparation,05/03/2013
pipe6,consultation,05/05/2013
pipe6,modification,05/07/2013
pipe6,consultation,05/08/2013
pipe6,reparation,05/09/2013
pipe6,modification,05/10/2013
pipe6,consultation,05/11/2013
pipe7,reparation,18/01/2013
pipe7,consultation,18/02/2013
pipe7,modification,18/04/2013
pipe7,reparation,18/03/2013
pipe7,consultation,19/05/2013
pipe7,modification,18/07/2013
pipe7,consultation,18/08/2013
pipe7,reparation,18/09/2013
pipe7,modification,18/10/2013
pipe7,consultation,18/11/2013
pipe1,reparation,22/01/2014
pipe1,consultation,22/02/2014
pipe1,modification,22/04/2014
pipe1,reparation,22/03/2014
pipe1,consultation,22/05/2014
pipe1,modification,22/07/2014
pipe1,consultation,22/08/2014
pipe1,reparation,22/09/2014
pipe1,modification,22/10/2014
pipe1,consultation,22/11/2014
pipe2,reparation,02/01/2014
pipe2,consultation,02/02/2014
pipe2,modification,02/04/2014
pipe2,reparation,02/03/2014
pipe2,consultation,02/05/2014
pipe2,modification,02/07/2014
pipe2,consultation,02/08/2014
pipe2,reparation,02/09/2014
pipe2,modification,02/10/2014
pipe2,consultation,02/11/2014
pipe3,reparation,10/01/2014
pipe3,consultation,10/02/2014
pipe3,modification,10/04/2014
pipe3,reparation,10/03/2014
pipe3,consultation,10/05/2014
pipe3,modification,10/07/2014
pipe3,consultation,10/08/2014
pipe3,reparation,10/09/2014
pipe3,modification,10/10/2014
pipe3,consultation,10/11/2014
pipe4,reparation,15/01/2014
pipe4,consultation,15/02/2014
pipe4,modification,15/04/2014
pipe4,reparation,15/03/2014
pipe4,consultation,15/05/2014
pipe4,modification,15/07/2014
pipe4,consultation,15/08/2014
pipe4,reparation,15/09/2014
pipe4,modification,15/10/2014
pipe4,consultation,15/11/2014
pipe5,reparation,27/01/2014
pipe5,consultation,27/02/2014
pipe5,modification,27/04/2014
pipe5,reparation,27/03/2014
pipe5,consultation,27/05/2014
pipe5,modification,27/07/2014
pipe5,consultation,27/08/2014
pipe5,reparation,27/09/2014
pipe5,modification,27/10/2014
pipe5,consultation,27/11/2014
pipe6,reparation,05/01/2014
pipe6,consultation,05/02/2014
pipe6,modification,05/04/2014
pipe6,reparation,05/03/2014
pipe6,consultation,05/05/2014
pipe6,modification,05/07/2014
pipe6,consultation,05/08/2014
pipe6,reparation,05/09/2014
pipe6,modification,05/10/2014
pipe6,consultation,05/11/2014
pipe7,reparation,18/01/2014
pipe7,consultation,18/02/2014
pipe7,modification,18/04/2014
pipe7,reparation,18/03/2014
pipe7,consultation,19/05/2014
pipe7,modification,18/07/2014
pipe7,consultation,18/08/2014
pipe7,reparation,18/09/2014
pipe7,modification,18/10/2014
pipe7,consultation,18/11/2014
pipe1,reparation,22/01/2015
pipe1,consultation,22/02/2015
pipe1,modification,22/04/2015
pipe1,reparation,22/03/2015
pipe1,consultation,22/05/2015
pipe1,modification,22/07/2015
pipe1,consultation,22/08/2015
pipe1,reparation,22/09/2015
pipe1,modification,22/10/2015
pipe1,consultation,22/11/2015
pipe2,reparation,02/01/2015
pipe2,consultation,02/02/2015
pipe2,modification,02/04/2015
pipe2,reparation,02/03/2015
pipe2,consultation,02/05/2015
pipe2,modification,02/07/2015
pipe2,consultation,02/08/2015
pipe2,reparation,02/09/2015
pipe2,modification,02/10/2015
pipe2,consultation,02/11/2015
pipe3,reparation,10/01/2015
pipe3,consultation,10/02/2015
pipe3,modification,10/04/2015
pipe3,reparation,10/03/2015
pipe3,consultation,10/05/2015
pipe3,modification,10/07/2015
pipe3,consultation,10/08/2015
pipe3,reparation,10/09/2015
pipe3,modification,10/10/2015
pipe3,consultation,10/11/2015
pipe4,reparation,15/01/2015
pipe4,consultation,15/02/2015
pipe4,modification,15/04/2015
pipe4,reparation,15/03/2015
pipe4,consultation,15/05/2015
pipe4,modification,15/07/2015
pipe4,consultation,15/08/2015
pipe4,reparation,15/09/2015
pipe4,modification,15/10/2015
pipe4,consultation,15/11/2015
pipe5,reparation,27/01/2015
pipe5,consultation,27/02/2015
pipe5,modification,27/04/2015
pipe5,reparation,27/03/2015
pipe5,consultation,27/05/2015
pipe5,modification,27/07/2015
pipe5,consultation,27/08/2015
pipe5,reparation,27/09/2015
pipe5,modification,27/10/2015
pipe5,consultation,27/11/2015
pipe6,reparation,05/01/2015
pipe6,consultation,05/02/2015
pipe6,modification,05/04/2015
pipe6,reparation,05/03/2015
pipe6,consultation,05/05/2015
pipe6,modification,05/07/2015
pipe6,consultation,05/08/2015
pipe6,reparation,05/09/2015
pipe6,modification,05/10/2015
pipe6,consultation,05/11/2015
pipe7,reparation,18/01/2015
pipe7,consultation,18/02/2015
pipe7,modification,18/04/2015
pipe7,reparation,18/03/2015
pipe7,consultation,19/05/2015
pipe7,modification,18/07/2015
pipe7,consultation,18/08/2015
pipe7,reparation,18/09/2015
pipe7,modification,18/10/2015
pipe7,consultation,18/11/2015
pipe1,reparation,22/01/2016
pipe1,consultation,22/02/2016
pipe1,modification,22/04/2016
pipe1,reparation,22/03/2016
pipe1,consultation,22/05/2016
pipe1,modification,22/07/2016
pipe1,consultation,22/08/2016
pipe1,reparation,22/09/2016
pipe1,modification,22/10/2016
pipe1,consultation,22/11/2016
pipe2,reparation,02/01/2016
pipe2,consultation,02/02/2016
pipe2,modification,02/04/2016
pipe2,reparation,02/03/2016
pipe2,consultation,02/05/2016
pipe2,modification,02/07/2016
pipe2,consultation,02/08/2016
pipe2,reparation,02/09/2016
pipe2,modification,02/10/2016
pipe2,consultation,02/11/2016
pipe3,reparation,10/01/2016
pipe3,consultation,10/02/2016
pipe3,modification,10/04/2016
pipe3,reparation,10/03/2016
pipe3,consultation,10/05/2016
pipe3,modification,10/07/2016
pipe3,consultation,10/08/2016
pipe3,reparation,10/09/2016
pipe3,modification,10/10/2016
pipe3,consultation,10/11/2016
pipe4,reparation,15/01/2016
pipe4,consultation,15/02/2016
pipe4,modification,15/04/2016
pipe4,reparation,15/03/2016
pipe4,consultation,15/05/2016
pipe4,modification,15/07/2016
pipe4,consultation,15/08/2016
pipe4,reparation,15/09/2016
pipe4,modification,15/10/2016
pipe4,consultation,15/11/2016
pipe5,reparation,27/01/2016
pipe5,consultation,27/02/2016
pipe5,modification,27/04/2016
pipe5,reparation,27/03/2016
pipe5,consultation,27/05/2016
pipe5,modification,27/07/2016
pipe5,consultation,27/08/2016
pipe5,reparation,27/09/2016
pipe5,modification,27/10/2016
pipe5,consultation,27/11/2016
pipe6,reparation,05/01/2016
pipe6,consultation,05/02/2016
pipe6,modification,05/04/2016
pipe6,reparation,05/03/2016
pipe6,consultation,05/05/2016
pipe6,modification,05/07/2016
pipe6,consultation,05/08/2016
pipe6,reparation,05/09/2016
pipe6,modification,05/10/2016
pipe6,consultation,05/11/2016
pipe7,reparation,18/01/2016
pipe7,consultation,18/02/2016
pipe7,modification,18/04/2016
pipe7,reparation,18/03/2016
pipe7,consultation,19/05/2016
pipe7,modification,18/07/2016
pipe7,consultation,18/08/2016
pipe7,reparation,18/09/2016
pipe7,modification,18/10/2016
pipe7,consultation,18/11/2016
pipe1,reparation,22/01/2017
pipe1,consultation,22/02/2017
pipe1,modification,22/04/2017
pipe1,reparation,22/03/2017
pipe1,consultation,22/05/2017
pipe1,modification,22/07/2017
pipe1,consultation,22/08/2017
pipe1,reparation,22/09/2017
pipe1,modification,22/10/2017
pipe1,consultation,22/11/2017
pipe2,reparation,02/01/2017
pipe2,consultation,02/02/2017
pipe2,modification,02/04/2017
pipe2,reparation,02/03/2017
pipe2,consultation,02/05/2017
pipe2,modification,02/07/2017
pipe2,consultation,02/08/2017
pipe2,reparation,02/09/2017
pipe2,modification,02/10/2017
pipe2,consultation,02/11/2017
pipe3,reparation,10/01/2017
pipe3,consultation,10/02/2017
pipe3,modification,10/04/2017
pipe3,reparation,10/03/2017
pipe3,consultation,10/05/2017
pipe3,modification,10/07/2017
pipe3,consultation,10/08/2017
pipe3,reparation,10/09/2017
pipe3,modification,10/10/2017
pipe3,consultation,10/11/2017
pipe4,reparation,15/01/2017
pipe4,consultation,15/02/2017
pipe4,modification,15/04/2017
pipe4,reparation,15/03/2017
pipe4,consultation,15/05/2017
pipe4,modification,15/07/2017
pipe4,consultation,15/08/2017
pipe4,reparation,15/09/2017
pipe4,modification,15/10/2017
pipe4,consultation,15/11/2017
pipe5,reparation,27/01/2017
pipe5,consultation,27/02/2017
pipe5,modification,27/04/2017
pipe5,reparation,27/03/2017
pipe5,consultation,27/05/2017
pipe5,modification,27/07/2017
pipe5,consultation,27/08/2017
pipe5,reparation,27/09/2017
pipe5,modification,27/10/2017
pipe5,consultation,27/11/2017
pipe6,reparation,05/01/2017
pipe6,consultation,05/02/2017
pipe6,modification,05/04/2017
pipe6,reparation,05/03/2017
pipe6,consultation,05/05/2017
pipe6,modification,05/07/2017
pipe6,consultation,05/08/2017
pipe6,reparation,05/09/2017
pipe6,modification,05/10/2017
pipe6,consultation,05/11/2017
pipe7,reparation,18/01/2017
pipe7,consultation,18/02/2017
pipe7,modification,18/04/2017
pipe7,reparation,18/03/2017
pipe7,consultation,19/05/2017
pipe7,modification,18/07/2017
pipe7,consultation,18/08/2017
pipe7,reparation,18/09/2017
pipe7,modification,18/10/2017
pipe7,consultation,18/11/2017
pipe1,reparation,22/01/2018
pipe1,consultation,22/02/2018
pipe1,modification,22/04/2018
pipe1,reparation,22/03/2018
pipe1,consultation,22/05/2018
pipe1,modification,22/07/2018
pipe1,consultation,22/08/2018
pipe1,reparation,22/09/2018
pipe1,modification,22/10/2018
pipe1,consultation,22/11/2018
pipe2,reparation,02/01/2018
pipe2,consultation,02/02/2018
pipe2,modification,02/04/2018
pipe2,reparation,02/03/2018
pipe2,consultation,02/05/2018
pipe2,modification,02/07/2018
pipe2,consultation,02/08/2018
pipe2,reparation,02/09/2018
pipe2,modification,02/10/2018
pipe2,consultation,02/11/2018
pipe3,reparation,10/01/2018
pipe3,consultation,10/02/2018
pipe3,modification,10/04/2018
pipe3,reparation,10/03/2018
pipe3,consultation,10/05/2018
pipe3,modification,10/07/2018
pipe3,consultation,10/08/2018
pipe3,reparation,10/09/2018
pipe3,modification,10/10/2018
pipe3,consultation,10/11/2018
pipe4,reparation,15/01/2018
pipe4,consultation,15/02/2018
pipe4,modification,15/04/2018
pipe4,reparation,15/03/2018
pipe4,consultation,15/05/2018
pipe4,modification,15/07/2018
pipe4,consultation,15/08/2018
pipe4,reparation,15/09/2018
pipe4,modification,15/10/2018
pipe4,consultation,15/11/2018
pipe5,reparation,27/01/2018
pipe5,consultation,27/02/2018
pipe5,modification,27/04/2018
pipe5,reparation,27/03/2018
pipe5,consultation,27/05/2018
pipe5,modification,27/07/2018
pipe5,consultation,27/08/2018
pipe5,reparation,27/09/2018
pipe5,modification,27/10/2018
pipe5,consultation,27/11/2018
pipe6,reparation,05/01/2018
pipe6,consultation,05/02/2018
pipe6,modification,05/04/2018
pipe6,reparation,05/03/2018
pipe6,consultation,05/05/2018
pipe6,modification,05/07/2018
pipe6,consultation,05/08/2018
pipe6,reparation,05/09/2018
pipe6,modification,05/10/2018
pipe6,consultation,05/11/2018
pipe7,reparation,18/01/2018
pipe7,consultation,18/02/2018
pipe7,modification,18/04/2018
pipe7,reparation,18/03/2018
pipe7,consultation,19/05/2018
pipe7,modification,18/07/2018
pipe7,consultation,18/08/2018
pipe7,reparation,18/09/2018
pipe7,modification,18/10/2018
pipe7,consultation,18/11/2018
pipe1,reparation,22/01/2019
pipe1,consultation,22/02/2019
pipe1,modification,22/04/2019
pipe1,reparation,22/03/2019
pipe1,consultation,22/05/2019
pipe1,modification,22/07/2019
pipe1,consultation,22/08/2019
pipe1,reparation,22/09/2019
pipe1,modification,22/10/2019
pipe1,consultation,22/11/2019
pipe2,reparation,02/01/2019
pipe2,consultation,02/02/2019
pipe2,modification,02/04/2019
pipe2,reparation,02/03/2019
pipe2,consultation,02/05/2019
pipe2,modification,02/07/2019
pipe2,consultation,02/08/2019
pipe2,reparation,02/09/2019
pipe2,modification,02/10/2019
pipe2,consultation,02/11/2019
pipe3,reparation,10/01/2019
pipe3,consultation,10/02/2019
pipe3,modification,10/04/2019
pipe3,reparation,10/03/2019
pipe3,consultation,10/05/2019
pipe3,modification,10/07/2019
pipe3,consultation,10/08/2019
pipe3,reparation,10/09/2019
pipe3,modification,10/10/2019
pipe3,consultation,10/11/2019
pipe4,reparation,15/01/2019
pipe4,consultation,15/02/2019
pipe4,modification,15/04/2019
pipe4,reparation,15/03/2019
pipe4,consultation,15/05/2019
pipe4,modification,15/07/2019
pipe4,consultation,15/08/2019
pipe4,reparation,15/09/2019
pipe4,modification,15/10/2019
pipe4,consultation,15/11/2019
pipe5,reparation,27/01/2019
pipe5,consultation,27/02/2019
pipe5,modification,27/04/2019
pipe5,reparation,27/03/2019
pipe5,consultation,27/05/2019
pipe5,modification,27/07/2019
pipe5,consultation,27/08/2019
pipe5,reparation,27/09/2019
pipe5,modification,27/10/2019
pipe5,consultation,27/11/2019
pipe6,reparation,05/01/2019
pipe6,consultation,05/02/2019
pipe6,modification,05/04/2019
pipe6,reparation,05/03/2019
pipe6,consultation,05/05/2019
pipe6,modification,05/07/2019
pipe6,consultation,05/08/2019
pipe6,reparation,05/09/2019
pipe6,modification,05/10/2019
pipe6,consultation,05/11/2019
pipe7,reparation,18/01/2019
pipe7,consultation,18/02/2019
pipe7,modification,18/04/2019
pipe7,reparation,18/03/2019
pipe7,consultation,19/05/2019
pipe7,modification,18/07/2019
pipe7,consultation,18/08/2019
pipe7,reparation,18/09/2019
pipe7,modification,18/10/2019
pipe7,consultation,18/11/2019
pipe1,reparation,22/01/2020
pipe1,consultation,22/02/2020
pipe1,modification,22/04/2020
pipe1,reparation,22/03/2020
pipe1,consultation,22/05/2020
pipe1,modification,22/07/2020
pipe1,consultation,22/08/2020
pipe1,reparation,22/09/2020
pipe1,modification,22/10/2020
pipe1,consultation,22/11/2020
pipe2,reparation,02/01/2020
pipe2,consultation,02/02/2020
pipe2,modification,02/04/2020
pipe2,reparation,02/03/2020
pipe2,consultation,02/05/2020
pipe2,modification,02/07/2020
pipe2,consultation,02/08/2020
pipe2,reparation,02/09/2020
pipe2,modification,02/10/2020
pipe2,consultation,02/11/2020
pipe3,reparation,10/01/2020
pipe3,consultation,10/02/2020
pipe3,modification,10/04/2020
pipe3,reparation,10/03/2020
pipe3,consultation,10/05/2020
pipe3,modification,10/07/2020
pipe3,consultation,10/08/2020
pipe3,reparation,10/09/2020
pipe3,modification,10/10/2020
pipe3,consultation,10/11/2020
pipe4,reparation,15/01/2020
pipe4,consultation,15/02/2020
pipe4,modification,15/04/2020
pipe4,reparation,15/03/2020
pipe4,consultation,15/05/2020
pipe4,modification,15/07/2020
pipe4,consultation,15/08/2020
pipe4,reparation,15/09/2020
pipe4,modification,15/10/2020
pipe4,consultation,15/11/2020
pipe5,reparation,27/01/2020
pipe5,consultation,27/02/2020
pipe5,modification,27/04/2020
pipe5,reparation,27/03/2020
pipe5,consultation,27/05/2020
pipe5,modification,27/07/2020
pipe5,consultation,27/08/2020
pipe5,reparation,27/09/2020
pipe5,modification,27/10/2020
pipe5,consultation,27/11/2020
pipe6,reparation,05/01/2020
pipe6,consultation,05/02/2020
pipe6,modification,05/04/2020
pipe6,reparation,05/03/2020
pipe6,consultation,05/05/2020
pipe6,modification,05/07/2020
pipe6,consultation,05/08/2020
pipe6,reparation,05/09/2020
pipe6,modification,05/10/2020
pipe6,consultation,05/11/2020
pipe7,reparation,18/01/2020
pipe7,consultation,18/02/2020
pipe7,modification,18/04/2020
pipe7,reparation,18/03/2020
pipe7,consultation,19/05/2020
pipe7,modification,18/07/2020
pipe7,consultation,18/08/2020
pipe7,reparation,18/09/2020
pipe7,modification,18/10/2020
pipe7,consultation,18/11/2020
pipe1,reparation,22/01/2021
pipe1,consultation,22/02/2021
pipe1,modification,22/04/2021
pipe1,reparation,22/03/2021
pipe1,consultation,22/05/2021
pipe1,modification,22/07/2021
pipe1,consultation,22/08/2021
pipe1,reparation,22/09/2021
pipe1,modification,22/10/2021
pipe1,consultation,22/11/2021
pipe2,reparation,02/01/2021
pipe2,consultation,02/02/2021
pipe2,modification,02/04/2021
pipe2,reparation,02/03/2021
pipe2,consultation,02/05/2021
pipe2,modification,02/07/2021
pipe2,consultation,02/08/2021
pipe2,reparation,02/09/2021
pipe2,modification,02/10/2021
pipe2,consultation,02/11/2021
pipe3,reparation,10/01/2021
pipe3,consultation,10/02/2021
pipe3,modification,10/04/2021
pipe3,reparation,10/03/2021
pipe3,consultation,10/05/2021
pipe3,modification,10/07/2021
pipe3,consultation,10/08/2021
pipe3,reparation,10/09/2021
pipe3,modification,10/10/2021
pipe3,consultation,10/11/2021
pipe4,reparation,15/01/2021
pipe4,consultation,15/02/2021
pipe4,modification,15/04/2021
pipe4,reparation,15/03/2021
pipe4,consultation,15/05/2021
pipe4,modification,15/07/2021
pipe4,consultation,15/08/2021
pipe4,reparation,15/09/2021
pipe4,modification,15/10/2021
pipe4,consultation,15/11/2021
pipe5,reparation,27/01/2021
pipe5,consultation,27/02/2021
pipe5,modification,27/04/2021
pipe5,reparation,27/03/2021
pipe5,consultation,27/05/2021
pipe5,modification,27/07/2021
pipe5,consultation,27/08/2021
pipe5,reparation,27/09/2021
pipe5,modification,27/10/2021
pipe5,consultation,27/11/2021
pipe6,reparation,05/01/2021
pipe6,consultation,05/02/2021
pipe6,modification,05/04/2021
pipe6,reparation,05/03/2021
pipe6,consultation,05/05/2021
pipe6,modification,05/07/2021
pipe6,consultation,05/08/2021
pipe6,reparation,05/09/2021
pipe6,modification,05/10/2021
pipe6,consultation,05/11/2021
pipe7,reparation,18/01/2021
pipe7,consultation,18/02/2021
pipe7,modification,18/04/2021
pipe7,reparation,18/03/2021
pipe7,consultation,19/05/2021
pipe7,modification,18/07/2021
pipe7,consultation,18/08/2021
pipe7,reparation,18/09/2021
pipe7,modification,18/10/2021
pipe7,consultation,18/11/2021
pipe1,reparation,22/01/2022
pipe1,consultation,22/02/2022
pipe1,modification,22/04/2022
pipe1,reparation,22/03/2022
pipe1,consultation,22/05/2022
pipe1,modification,22/07/2022
pipe1,consultation,22/08/2022
pipe1,reparation,22/09/2022
pipe1,modification,22/10/2022
pipe1,consultation,22/11/2022
pipe2,reparation,02/01/2022
pipe2,consultation,02/02/2022
pipe2,modification,02/04/2022
pipe2,reparation,02/03/2022
pipe2,consultation,02/05/2022
pipe2,modification,02/07/2022
pipe2,consultation,02/08/2022
pipe2,reparation,02/09/2022
pipe2,modification,02/10/2022
pipe2,consultation,02/11/2022
pipe3,reparation,10/01/2022
pipe3,consultation,10/02/2022
pipe3,modification,10/04/2022
pipe3,reparation,10/03/2022
pipe3,consultation,10/05/2022
pipe3,modification,10/07/2022
pipe3,consultation,10/08/2022
pipe3,reparation,10/09/2022
pipe3,modification,10/10/2022
pipe3,consultation,10/11/2022
pipe4,reparation,15/01/2022
pipe4,consultation,15/02/2022
pipe4,modification,15/04/2022
pipe4,reparation,15/03/2022
pipe4,consultation,15/05/2022
pipe4,modification,15/07/2022
pipe4,consultation,15/08/2022
pipe4,reparation,15/09/2022
pipe4,modification,15/10/2022
pipe4,consultation,15/11/2022
pipe5,reparation,27/01/2022
pipe5,consultation,27/02/2022
pipe5,modification,27/04/2022
pipe5,reparation,27/03/2022
pipe5,consultation,27/05/2022
pipe5,modification,27/07/2022
pipe5,consultation,27/08/2022
pipe5,reparation,27/09/2022
pipe5,modification,27/10/2022
pipe5,consultation,27/11/2022
pipe6,reparation,05/01/2022
pipe6,consultation,05/02/2022
pipe6,modification,05/04/2022
pipe6,reparation,05/03/2022
pipe6,consultation,05/05/2022
pipe6,modification,05/07/2022
pipe6,consultation,05/08/2022
pipe6,reparation,05/09/2022
pipe6,modification,05/10/2022
pipe6,consultation,05/11/2022
pipe7,reparation,18/01/2022
pipe7,consultation,18/02/2022
pipe7,modification,18/04/2022
pipe7,reparation,18/03/2022
pipe7,consultation,19/05/2022
pipe7,modification,18/07/2022
pipe7,consultation,18/08/2022
pipe7,reparation,18/09/2022
pipe7,modification,18/10/2022
pipe7,consultation,18/11/2022